Title,Video ID,YouTube URL
Nowercise Bands Frontal Raises,JKUy1Sd-SFs,https://www.youtube.com/watch?v=JKUy1Sd-SFs
Ab Wheel Iso,gyhdObhnxjw,https://www.youtube.com/watch?v=gyhdObhnxjw
Alternating Goblet Reverse Lunge With Blocked Knee,mJ1QsjZpw10,https://www.youtube.com/watch?v=mJ1QsjZpw10
Adductor Mobilization,mKKPXUWDDFo,https://www.youtube.com/watch?v=mKKPXUWDDFo
Ab Wheel Iso,oYanDivdClU,https://www.youtube.com/watch?v=oYanDivdClU
Ab Wheel Rollout,qFp5JzdquAI,https://www.youtube.com/watch?v=qFp5JzdquAI
Alternating Dumbell Split Jump,s8jLKMCYriM,https://www.youtube.com/watch?v=s8jLKMCYriM
Nowercise Club Welcome Video,ufM9ohj1P_M,https://www.youtube.com/watch?v=ufM9ohj1P_M
Nowercise Bands Static Lunge,yWBiy_88OOk,https://www.youtube.com/watch?v=yWBiy_88OOk
Nowercise Bands Bicep Curl,zG012FFdTTM,https://www.youtube.com/watch?v=zG012FFdTTM
App Explainer For Reg_210225,zkMNhKFojv0,https://www.youtube.com/watch?v=zkMNhKFojv0
90/90 Wall Balloon-Breathing,fwOUp7Jku0w,https://www.youtube.com/watch?v=fwOUp7Jku0w
Nowercise Club Gentle Session 1,LssQd26hyu4,https://www.youtube.com/watch?v=LssQd26hyu4
Ab Wheel Rollout,R3jbna-ytkk,https://www.youtube.com/watch?v=R3jbna-ytkk
Alternating Barbell Split Jump,RtkM_vVZh-A,https://www.youtube.com/watch?v=RtkM_vVZh-A
Nowercise Club Intro For Gentle Session,VrS2VlYuLHE,https://www.youtube.com/watch?v=VrS2VlYuLHE
Alternating Lateral Lunge Walk,XoKx8eQMElQ,https://www.youtube.com/watch?v=XoKx8eQMElQ
Alternating Barbell Split Jump,Y9ASJT-UDNo,https://www.youtube.com/watch?v=Y9ASJT-UDNo
Adductor Mobilization,_LFqmZHQL2g,https://www.youtube.com/watch?v=_LFqmZHQL2g
Alternating Dumbbell Bench Press,_zbZ-l_Mat8,https://www.youtube.com/watch?v=_zbZ-l_Mat8
Alternating Bodyweight Split Jump,a91-Vu1u_dI,https://www.youtube.com/watch?v=a91-Vu1u_dI
Alternating Goblet Reverse Lunge With Blocked Knee,EFT7AwCpc4I,https://www.youtube.com/watch?v=EFT7AwCpc4I
Alternating Dumbbell Curl,-skLK9YSRus,https://www.youtube.com/watch?v=-skLK9YSRus
Alternating Dumbbell Curl,0tNGXZleg24,https://www.youtube.com/watch?v=0tNGXZleg24
Nowercise Bands Lateral Raises,3tPQv-adXCA,https://www.youtube.com/watch?v=3tPQv-adXCA
Nowercise Bands Squats,59vBG3vXctI,https://www.youtube.com/watch?v=59vBG3vXctI
Alternating Bodyweight Split Jump,5UXjsnmrgwE,https://www.youtube.com/watch?v=5UXjsnmrgwE
Alternating Dumbell Split Jump,7cVPUk8dXq4,https://www.youtube.com/watch?v=7cVPUk8dXq4
PDF of Nowercise Club Gentle Session2 Deck Presentation,8kKn1NxX1OI,https://www.youtube.com/watch?v=8kKn1NxX1OI
Nowercise Bands Chest Press,FU4aRI0mL5w,https://www.youtube.com/watch?v=FU4aRI0mL5w
Alternating Dumbbell Bench Press,Ho8fA1ju0J0,https://www.youtube.com/watch?v=Ho8fA1ju0J0
Assisted Reverse Lunge With Blocked Knee,ajHqeSS54n4,https://www.youtube.com/watch?v=ajHqeSS54n4
Assisted Lateral Squat,hTsWrA9PSHA,https://www.youtube.com/watch?v=hTsWrA9PSHA
Band Press-Down,amC_ncSPjZY,https://www.youtube.com/watch?v=amC_ncSPjZY
Band Stomp,bFufUNtLqUw,https://www.youtube.com/watch?v=bFufUNtLqUw
Assisted Bodyweight Squat to Box,e51lkr3K20M,https://www.youtube.com/watch?v=e51lkr3K20M
Band-Assisted Inverted Row,eOCUW63XeO8,https://www.youtube.com/watch?v=eOCUW63XeO8
Band Pull-Apart,liaxBZIdP7g,https://www.youtube.com/watch?v=liaxBZIdP7g
Band-Assisted Pull-Up,nWUU6LfApv0,https://www.youtube.com/watch?v=nWUU6LfApv0
Band-Resisted Glute Bridge,MhhC2E1zZ_E,https://www.youtube.com/watch?v=MhhC2E1zZ_E
Band-Assisted Chin-Up,T2fqfULPj2I,https://www.youtube.com/watch?v=T2fqfULPj2I
Band-Assisted Neutral-Grip Pull-Up,03DDGXj-9ZA,https://www.youtube.com/watch?v=03DDGXj-9ZA
Anderson Front Squat,47kDGTflr20,https://www.youtube.com/watch?v=47kDGTflr20
Band-Resisted Ab Wheel Iso,9z8dtaNz4EA,https://www.youtube.com/watch?v=9z8dtaNz4EA
Band-Assisted Pushup,IczycfOOBck,https://www.youtube.com/watch?v=IczycfOOBck
Barbell Sumo Deadlift,ogkdhWVfjIE,https://www.youtube.com/watch?v=ogkdhWVfjIE
Bodyweight Squat Thrust,vg6p96rE5PU,https://www.youtube.com/watch?v=vg6p96rE5PU
Bird Dog,SszoTQs6q9Y,https://www.youtube.com/watch?v=SszoTQs6q9Y
Barbell Slideboard Reverse Lunge,TQN7Kna-4U4,https://www.youtube.com/watch?v=TQN7Kna-4U4
Barbell Split Squat,X2ma6SANyZk,https://www.youtube.com/watch?v=X2ma6SANyZk
Bodyweight Squat to Box,YC1s3RMGS8M,https://www.youtube.com/watch?v=YC1s3RMGS8M
Bodyweight Cross-Over Step-Up,_EaSo93jnXU,https://www.youtube.com/watch?v=_EaSo93jnXU
Bodyweight Reverse Lunge With Blocked Knee,cv-B2kJanb0,https://www.youtube.com/watch?v=cv-B2kJanb0
Barbell Push Press,g4jjxrpgLHM,https://www.youtube.com/watch?v=g4jjxrpgLHM
Barbell Reverse Lunge,iHLQoQBcvVE,https://www.youtube.com/watch?v=iHLQoQBcvVE
Bent-Over Dumbbell Row,5YG4RuyoxcM,https://www.youtube.com/watch?v=5YG4RuyoxcM
Barbell Reverse Lunge With a Front Squat Grip,5m9QxcThhxE,https://www.youtube.com/watch?v=5m9QxcThhxE
Bodyweight Split Squat With Blocked Knee,5mAx_tzQLIw,https://www.youtube.com/watch?v=5mAx_tzQLIw
Bodyweight Get-Up,9OZv39ct-7o,https://www.youtube.com/watch?v=9OZv39ct-7o
Barbell Romanian Deadlift,BW0Kh9DyDPE,https://www.youtube.com/watch?v=BW0Kh9DyDPE
Bodyweight Step-Up,Id-aJcXX8s8,https://www.youtube.com/watch?v=Id-aJcXX8s8
Bear Crawl,PC-RHLa9mmA,https://www.youtube.com/watch?v=PC-RHLa9mmA
Bodyweight Lateral Lunge With Assistance,PWBPeCl6CoI,https://www.youtube.com/watch?v=PWBPeCl6CoI
Bodyweight Lateral Squat,PuLp7QAV6ZI,https://www.youtube.com/watch?v=PuLp7QAV6ZI
Barbell Overhead Shrug,RsAYW2o36CA,https://www.youtube.com/watch?v=RsAYW2o36CA
Cross-Body Lat Mobilization,fN1HoWcrhMM,https://www.youtube.com/watch?v=fN1HoWcrhMM
Close-Grip Barbell Bench Press,iF0TFR72904,https://www.youtube.com/watch?v=iF0TFR72904
Brady Band Series - Without Band,jbFQl49isI4,https://www.youtube.com/watch?v=jbFQl49isI4
Brady Band Series,kzBvYQTadIo,https://www.youtube.com/watch?v=kzBvYQTadIo
Dumbbell Overhead Shrug,lLlTDqZ2cy0,https://www.youtube.com/watch?v=lLlTDqZ2cy0
Cable External Rotation at 30 Degrees Abduction,ogBNjiziPXk,https://www.youtube.com/watch?v=ogBNjiziPXk
Chest-Supported Dumbbell Row,uvx76WZG1rM,https://www.youtube.com/watch?v=uvx76WZG1rM
Dumbbell Flye EQI,wbkyEWHiTcM,https://www.youtube.com/watch?v=wbkyEWHiTcM
Dead Bug,xx6Atwy3DoY,https://www.youtube.com/watch?v=xx6Atwy3DoY
Dumbbell Hammer Curl,yAb_ydjrCLg,https://www.youtube.com/watch?v=yAb_ydjrCLg
Close-Grip Pushup,HxLKq0R0Gw4,https://www.youtube.com/watch?v=HxLKq0R0Gw4
Deep Squat Wall Stretch,Ny1wjk-HpkE,https://www.youtube.com/watch?v=Ny1wjk-HpkE
Dragon Flag,NywaYUkJ-n0,https://www.youtube.com/watch?v=NywaYUkJ-n0
Dumbbell Push Press,Oiu1F14Ayho,https://www.youtube.com/watch?v=Oiu1F14Ayho
Dumbbell Reverse Lunge,TEzLNj4pcV0,https://www.youtube.com/watch?v=TEzLNj4pcV0
Dead Bug With Legs Only,U95OOYfkPXU,https://www.youtube.com/watch?v=U95OOYfkPXU
Chest-Supported Dumbbell Row Iso,X5TD5xdKTu0,https://www.youtube.com/watch?v=X5TD5xdKTu0
Dumbbell Floor Press,YubE9M8Ui34,https://www.youtube.com/watch?v=YubE9M8Ui34
Cable External Rotation on Knee,_wJ04msDU0g,https://www.youtube.com/watch?v=_wJ04msDU0g
Chin-Up,KJnnqBMJjj8,https://www.youtube.com/watch?v=KJnnqBMJjj8
Dumbbell Bench Press,39DbpHmHUlA,https://www.youtube.com/watch?v=39DbpHmHUlA
Dumbbell Curl,3BllABOTtic,https://www.youtube.com/watch?v=3BllABOTtic
Burpee Without Pushup,5OXmnzGFClU,https://www.youtube.com/watch?v=5OXmnzGFClU
Cable External Rotation at 90 Degrees Abduction,6MfGggayWVQ,https://www.youtube.com/watch?v=6MfGggayWVQ
Cable Pull-Down,76IhGAie_BI,https://www.youtube.com/watch?v=76IhGAie_BI
Dumbbell External Rotation on Knee,A4vw566sOQU,https://www.youtube.com/watch?v=A4vw566sOQU
Burpee,BuY1rvqXTsw,https://www.youtube.com/watch?v=BuY1rvqXTsw
Dumbbell Cross-Over Step-Up,E8m2rZugLt8,https://www.youtube.com/watch?v=E8m2rZugLt8
Bowler Squat,Eh1K71L3IwI,https://www.youtube.com/watch?v=Eh1K71L3IwI
Dumbbell Full Squat,FGr3e9QJTzE,https://www.youtube.com/watch?v=FGr3e9QJTzE
Feet-Elevated Band-Resisted Pushup,dzclirx8a6E,https://www.youtube.com/watch?v=dzclirx8a6E
Dumbbell Reverse Lunge From Deficit,e9AtoZ1iWD4,https://www.youtube.com/watch?v=e9AtoZ1iWD4
Goblet Squat,fS9Pt1IXqb4,https://www.youtube.com/watch?v=fS9Pt1IXqb4
Goblet Lunge,gMrYuoxjN38,https://www.youtube.com/watch?v=gMrYuoxjN38
Face Pull,l8HomIMKAaw,https://www.youtube.com/watch?v=l8HomIMKAaw
Feet-Elevated Pushup,nDw9lP8SvIk,https://www.youtube.com/watch?v=nDw9lP8SvIk
Goblet Lateral Lunge Walk,oLHMYvkKAyE,https://www.youtube.com/watch?v=oLHMYvkKAyE
Forearm Wall-Slide at 135 Degrees,qYYyC_oIwUY,https://www.youtube.com/watch?v=qYYyC_oIwUY
Goblet Reverse Lunge,syZu1ufoMhk,https://www.youtube.com/watch?v=syZu1ufoMhk
Explosive Pushup,tvAKMvYw9rk,https://www.youtube.com/watch?v=tvAKMvYw9rk
Dumbbell Squat Thrust,MvP2r-bnhd8,https://www.youtube.com/watch?v=MvP2r-bnhd8
Dumbbell Split Squat,N6GPA5FB_n8,https://www.youtube.com/watch?v=N6GPA5FB_n8
Dynamic Blackburn,Pru2Wo2nmpk,https://www.youtube.com/watch?v=Pru2Wo2nmpk
Elbow Plank Bodysaw,S8cRYEgb-JI,https://www.youtube.com/watch?v=S8cRYEgb-JI
Dumbbell Sumo Deadlift,UPs2GvQSZ2U,https://www.youtube.com/watch?v=UPs2GvQSZ2U
Fetal-Position Breathing,UYxoElmDeio,https://www.youtube.com/watch?v=UYxoElmDeio
Dumbbell Slideboard Reverse Lunge,arK9PURbeuI,https://www.youtube.com/watch?v=arK9PURbeuI
Goblet Reverse Lunge With Blocked Knee,bcpGpUqpDyM,https://www.youtube.com/watch?v=bcpGpUqpDyM
Goblet Lateral Lunge,c8bqYeHQi3c,https://www.youtube.com/watch?v=c8bqYeHQi3c
Dumbbell Step-Up,cd21zwyH7p4,https://www.youtube.com/watch?v=cd21zwyH7p4
Goblet Split Squat,-FTDMjHFMqo,https://www.youtube.com/watch?v=-FTDMjHFMqo
Dumbbell Romanian Deadlift,4Q1fbpevyug,https://www.youtube.com/watch?v=4Q1fbpevyug
Feet-Elevated Pushup to Single-Arm Support,CMKmUC6QJ6s,https://www.youtube.com/watch?v=CMKmUC6QJ6s
Eccentric Pull-Up,CRHxbHDMJAk,https://www.youtube.com/watch?v=CRHxbHDMJAk
Eccentric Chin-Up,DNGHZrADXKQ,https://www.youtube.com/watch?v=DNGHZrADXKQ
Goblet Lateral Squat,GKbuxJEIeeo,https://www.youtube.com/watch?v=GKbuxJEIeeo
Goblet Split Squat With Blocked Knee,HOSLM_P-5Rs,https://www.youtube.com/watch?v=HOSLM_P-5Rs
Feet-Elevated Side Plank,Jx-ba4YDguM,https://www.youtube.com/watch?v=Jx-ba4YDguM
Dumbbell Reverse Lunge to Romanian Deadlift,LSHRaS9UXnI,https://www.youtube.com/watch?v=LSHRaS9UXnI
Dumbbell Reverse Lunge With Blocked Knee,MWQEv3IeByI,https://www.youtube.com/watch?v=MWQEv3IeByI
Half-Kneeling Cable Lift,fJK7KEwxoz4,https://www.youtube.com/watch?v=fJK7KEwxoz4
Hanging Anti-Lateral Flexion,fKLW-UcfM9A,https://www.youtube.com/watch?v=fKLW-UcfM9A
Inchworm,pIeka0plSc4,https://www.youtube.com/watch?v=pIeka0plSc4
Hands-Elevated Pushup,qOR_PSePvhU,https://www.youtube.com/watch?v=qOR_PSePvhU
Half Get-Up,ryl9c9h-fng,https://www.youtube.com/watch?v=ryl9c9h-fng
Goblet Squat With Pulse,s4Al9zNsu78,https://www.youtube.com/watch?v=s4Al9zNsu78
Goblet Squat to Box,sR0u2hustt8,https://www.youtube.com/watch?v=sR0u2hustt8
Knees-to-Feet Drill,tLf_ffpewaE,https://www.youtube.com/watch?v=tLf_ffpewaE
Hamstring Mobilization With Lacrosse Ball,xPN8N2Mvv_o,https://www.youtube.com/watch?v=xPN8N2Mvv_o
Half-Kneeling Band Overhead Shrug,yFg1Tzx1koc,https://www.youtube.com/watch?v=yFg1Tzx1koc
Half-Kneeling Pallof Press Iso With Band,UBv-aN6sXwA,https://www.youtube.com/watch?v=UBv-aN6sXwA
Inverted Row With Weight Vest,UaMZVlyU4w8,https://www.youtube.com/watch?v=UaMZVlyU4w8
Kettlebell Split Squat With Blocked Knee,XvY9j3Vb9dA,https://www.youtube.com/watch?v=XvY9j3Vb9dA
Hanging Unilateral March,YfIZB8WV0Ug,https://www.youtube.com/watch?v=YfIZB8WV0Ug
Goblet Step-Up,ZCW7_vinda4,https://www.youtube.com/watch?v=ZCW7_vinda4
Half-Kneeling Band Chop,b-9Npg9n7xI,https://www.youtube.com/watch?v=b-9Npg9n7xI
Inverted Row With Feet Elevated,c57I5P2b2MU,https://www.youtube.com/watch?v=c57I5P2b2MU
Half-Kneeling Band Lift,cXFm-nXqAfU,https://www.youtube.com/watch?v=cXFm-nXqAfU
Half-Kneeling Cable Chop,cr9jrIcbpKA,https://www.youtube.com/watch?v=cr9jrIcbpKA
Landmine Rainbow,d4wjS9dV92c,https://www.youtube.com/watch?v=d4wjS9dV92c
Inverted Row,4NFyOKkwuwk,https://www.youtube.com/watch?v=4NFyOKkwuwk
Half-Kneeling Pallof Press Iso,6IvdIMlDPpI,https://www.youtube.com/watch?v=6IvdIMlDPpI
Hinge to Side Plank,8aFSBYY2jZU,https://www.youtube.com/watch?v=8aFSBYY2jZU
Kettlebell Armbar,EVr1mYdf07k,https://www.youtube.com/watch?v=EVr1mYdf07k
Hand Cross-Over,HeVjHXbb_NU,https://www.youtube.com/watch?v=HeVjHXbb_NU
Hip Flexor Stretch,OzjTfWmv_G8,https://www.youtube.com/watch?v=OzjTfWmv_G8
Lat and Triceps Stretch,PyH4yST4KQo,https://www.youtube.com/watch?v=PyH4yST4KQo
Hands-Elevated Pushup to Single-Arm Support,QLhnoWWZnpQ,https://www.youtube.com/watch?v=QLhnoWWZnpQ
Goblet Squat Iso,S7S3npfdAN0,https://www.youtube.com/watch?v=S7S3npfdAN0
Hip-Belt Squat,SszFIz-UmI4,https://www.youtube.com/watch?v=SszFIz-UmI4
Overhead Dumbbell Reverse Lunge,fDORXDuuKoc,https://www.youtube.com/watch?v=fDORXDuuKoc
Offset Dumbbell Reverse Lunge,fdNXnmxGFrc,https://www.youtube.com/watch?v=fdNXnmxGFrc
Offset Dumbbell Slideboard Reverse Lunge,kJkBNNd_x5s,https://www.youtube.com/watch?v=kJkBNNd_x5s
Overhead Offset Dumbbell Reverse Lunge,kadMOuaLhns,https://www.youtube.com/watch?v=kadMOuaLhns
Overhead Dumbbell Reverse Lunge From Deficit,kwSwI1oMrto,https://www.youtube.com/watch?v=kwSwI1oMrto
No Money Drill,rfMi6vEoNU4,https://www.youtube.com/watch?v=rfMi6vEoNU4
Offset Dumbbell Reverse Lunge to Romanian Deadlift,valYc-8h84E,https://www.youtube.com/watch?v=valYc-8h84E
Pallof Press,w3zdDRPKuTI,https://www.youtube.com/watch?v=w3zdDRPKuTI
Lying Dumbbell Tricep Extension,wjlT8bwtXps,https://www.youtube.com/watch?v=wjlT8bwtXps
Overhead Barbell Squat,zzw2lWmAXpI,https://www.youtube.com/watch?v=zzw2lWmAXpI
Overhead Band Pallof Press,cYIbn2rziA0,https://www.youtube.com/watch?v=cYIbn2rziA0
Pallof Press Iso,SBS6Dy7PzkQ,https://www.youtube.com/watch?v=SBS6Dy7PzkQ
Neutral-Grip Cable Pull-Down,SUgbpUXubN0,https://www.youtube.com/watch?v=SUgbpUXubN0
Overhead Band Tricep Extension,S_hHulsoFls,https://www.youtube.com/watch?v=S_hHulsoFls
Neutral-Grip Seated Cable Row,VNe-jLYtgSI,https://www.youtube.com/watch?v=VNe-jLYtgSI
Lying Dumbbell Rolling Triceps Extension,XGqbxlCwwbY,https://www.youtube.com/watch?v=XGqbxlCwwbY
Offset Dumbbell Reverse Lunge From Deficit,XePCAXQ_Ipg,https://www.youtube.com/watch?v=XePCAXQ_Ipg
Offset Dumbbell Reverse Lunge With Blocked Knee,Y8VgGiWMN2U,https://www.youtube.com/watch?v=Y8VgGiWMN2U
Overhead Band Press,ZkMRsMnqRLY,https://www.youtube.com/watch?v=ZkMRsMnqRLY
Lateral Lunge With Overhead Driver,_12KPcJG6TY,https://www.youtube.com/watch?v=_12KPcJG6TY
Overhead Broomstick Squat,1ZWx9EA4ZQM,https://www.youtube.com/watch?v=1ZWx9EA4ZQM
Offset Dumbbell Step-Up,1_MiOXVw2iA,https://www.youtube.com/watch?v=1_MiOXVw2iA
Pallof Press Iso With Band,5DuwWZAZlVs,https://www.youtube.com/watch?v=5DuwWZAZlVs
Offset Dumbbell Split Squat,DNEGytCJOT8,https://www.youtube.com/watch?v=DNEGytCJOT8
Mountain Climber,DffflppSgog,https://www.youtube.com/watch?v=DffflppSgog
Long-Lever Plank,HSU6YwLK_Bo,https://www.youtube.com/watch?v=HSU6YwLK_Bo
Overhead Cable Tricep Extension,IiGdKM4jXp8,https://www.youtube.com/watch?v=IiGdKM4jXp8
Neutral-Grip Seated Band Row,Oghg2Ob1oRU,https://www.youtube.com/watch?v=Oghg2Ob1oRU
Offset Dumbbell Cross-Over Step-Up,Ears5yS8SPs,https://www.youtube.com/watch?v=Ears5yS8SPs
Neutral-Grip Pull-Up,NCJwj8qRHsw,https://www.youtube.com/watch?v=NCJwj8qRHsw
Plank,jKviAG_oLYM,https://www.youtube.com/watch?v=jKviAG_oLYM
Rear-Foot-Elevated Barbell Split Squat,j_8z92BlRlE,https://www.youtube.com/watch?v=j_8z92BlRlE
Piriformis Mobilization,pQRnfeMyj5A,https://www.youtube.com/watch?v=pQRnfeMyj5A
Pallof Press to Overhead,pybT2pfn73M,https://www.youtube.com/watch?v=pybT2pfn73M
Prone Y Raise,sThPvGMLpm8,https://www.youtube.com/watch?v=sThPvGMLpm8
"Reach, Rock, Lift",vvDba-F5xsM,https://www.youtube.com/watch?v=vvDba-F5xsM
Pec Minor Broomstick Mobilization,waVRS7YFsKc,https://www.youtube.com/watch?v=waVRS7YFsKc
Prone T Raise,wfm7P7RSY4U,https://www.youtube.com/watch?v=wfm7P7RSY4U
Pec Mobilization With Lacrosse Ball,xcwhM-kg5io,https://www.youtube.com/watch?v=xcwhM-kg5io
Prone Row to External Rotation,xsvemSPwZro,https://www.youtube.com/watch?v=xsvemSPwZro
Prone Hip Internal Rotation,Q7Q41TgHx54,https://www.youtube.com/watch?v=Q7Q41TgHx54
Pallof Press With Band,TU1wnh8twi8,https://www.youtube.com/watch?v=TU1wnh8twi8
Prisoner Squat,UvUu9jqo3Vs,https://www.youtube.com/watch?v=UvUu9jqo3Vs
Plate Squat,VUZl9MxaVTI,https://www.youtube.com/watch?v=VUZl9MxaVTI
Pronated-Grip Seated Cable Row,WKBCqdDtxDY,https://www.youtube.com/watch?v=WKBCqdDtxDY
Partial-Range Pushup,_pn0Kfqtc68,https://www.youtube.com/watch?v=_pn0Kfqtc68
Pushup Iso,dOsXlKiFDeU,https://www.youtube.com/watch?v=dOsXlKiFDeU
Pronated-Grip Seated Band Row,fZ1ACnvKz7c,https://www.youtube.com/watch?v=fZ1ACnvKz7c
Pull-Up,iEDMx09Ij6U,https://www.youtube.com/watch?v=iEDMx09Ij6U
Prone YTI,imRg9DVg9ck,https://www.youtube.com/watch?v=imRg9DVg9ck
Pull-Up With Iso,-g2u9MXpjVE,https://www.youtube.com/watch?v=-g2u9MXpjVE
Pushup to Single-Arm Support,0kzPi3OHKb8,https://www.youtube.com/watch?v=0kzPi3OHKb8
Plank Arm March,3O9hGnISlEs,https://www.youtube.com/watch?v=3O9hGnISlEs
Pigeon Stretch,3lrmHhmJhqk,https://www.youtube.com/watch?v=3lrmHhmJhqk
Prone Hip-Flexed Rocking,5iIvO-e-3zw,https://www.youtube.com/watch?v=5iIvO-e-3zw
Prone Hip External Rotation,6qd5LJnWe9E,https://www.youtube.com/watch?v=6qd5LJnWe9E
Rack Pull,8KFbpmwZ-JI,https://www.youtube.com/watch?v=8KFbpmwZ-JI
Pushup,BBICcn-DK-Y,https://www.youtube.com/watch?v=BBICcn-DK-Y
Quadruped Extension-Rotation,CM3vi_WHVNY,https://www.youtube.com/watch?v=CM3vi_WHVNY
Quadruped Rock Back,EVxIu9GcEeA,https://www.youtube.com/watch?v=EVxIu9GcEeA
Banded External Rotation at 30 Degrees Abduction,sVs234-ruyM,https://www.youtube.com/watch?v=sVs234-ruyM
Barbell Bench Press From Pins,sXjD8sfUGlg,https://www.youtube.com/watch?v=sXjD8sfUGlg
Banded Scapular Protraction,siub6CnhOPw,https://www.youtube.com/watch?v=siub6CnhOPw
Band-Resisted Scapular Pushup,tteASE_vcQk,https://www.youtube.com/watch?v=tteASE_vcQk
Band-Resisted Pushup,u7QnowXDjYE,https://www.youtube.com/watch?v=u7QnowXDjYE
Barbell Glute Bridge,V3gvnSlNQmk,https://www.youtube.com/watch?v=V3gvnSlNQmk
Banded Face Pull,fgSbZJ_XHfA,https://www.youtube.com/watch?v=fgSbZJ_XHfA
Barbell Curl,m9_ToHglpjE,https://www.youtube.com/watch?v=m9_ToHglpjE
Band-Resisted Ring Pushup,o2IpgYPmSyY,https://www.youtube.com/watch?v=o2IpgYPmSyY
Barbell Box Squat,R2By3KfMc58,https://www.youtube.com/watch?v=R2By3KfMc58
Banded No Money,Tqu3_D00h2E,https://www.youtube.com/watch?v=Tqu3_D00h2E
Barbell Deadlift,W6oP5xJHkFQ,https://www.youtube.com/watch?v=W6oP5xJHkFQ
Band-Resisted Goblet Squat,biOKxrfbdlY,https://www.youtube.com/watch?v=biOKxrfbdlY
Banded Hip Extension,j0FCrPUuvcM,https://www.youtube.com/watch?v=j0FCrPUuvcM
Barbell Front Squat Iso,lIBNIzsWGTM,https://www.youtube.com/watch?v=lIBNIzsWGTM
Band-Resisted Pull-Up,1TJKSq9TcXI,https://www.youtube.com/watch?v=1TJKSq9TcXI
Barbell Front Squat,ABg7luSIogM,https://www.youtube.com/watch?v=ABg7luSIogM
Banded Curl,AVYsCQ_iGzs,https://www.youtube.com/watch?v=AVYsCQ_iGzs
Barbell Back Squat,CuEc33hWb4Y,https://www.youtube.com/watch?v=CuEc33hWb4Y
Banded Pull-Down,FwkJXHGYk8o,https://www.youtube.com/watch?v=FwkJXHGYk8o
Barbell Floor Press,JJPQIXP1EWk,https://www.youtube.com/watch?v=JJPQIXP1EWk
Barbell Front Squat to Box,KZXxiUAqqh8,https://www.youtube.com/watch?v=KZXxiUAqqh8
Banded External Rotation at 90 Degrees Abduction,M4uQkI7bHI8,https://www.youtube.com/watch?v=M4uQkI7bHI8
Barbell Bench Press,ONjwKPYiG4w,https://www.youtube.com/watch?v=ONjwKPYiG4w
Band-Resisted Squat,QPVj9zvDgpw,https://www.youtube.com/watch?v=QPVj9zvDgpw
Barbell Hip Thrust,56Knh4AdxEI,https://www.youtube.com/watch?v=56Knh4AdxEI
